"district","grspan","enrltot","teachers","computer","testscr","compstu","expnstu","str","logavginc","elpct","readscr","mathscr"
"Sunol Glen Unified","KK-08",195,10.89999962,67,690.7999878,0.343589753,6384.911133,17.88990974,1.355834506,0,691.5999756,690
"Manzanita Elementary","KK-08",240,11.14999962,101,661.2000122,0.420833319,5099.380859,21.52466393,0.99228837,4.583333492,660.5,661.9000244
"Thermalito Union Elementary","KK-08",1550,82.90000153,169,643.5999756,0.109032258,5501.95459,18.69722557,0.953179586,30.00000191,636.2999878,650.9000244
"Golden Feather Union Elementary","KK-08",243,14,85,647.7000122,0.349794239,7101.831055,17.3571434,0.953179586,0,651.9000244,643.5
"Palermo Union Elementary","KK-08",1335,71.5,171,640.8499756,0.12808989,5235.987793,18.6713295,0.958101764,13.85767746,641.7999878,639.9000244
"Burrel Union Elementary","KK-08",137,6.400000095,25,605.5500488,0.182481751,5580.146973,21.40625,1.017659273,12.40875912,605.7000122,605.4000244
"Holt Union Elementary","KK-08",195,10,28,606.75,0.14358975,5253.331055,19.5,0.818027851,68.71794891,604.5,609
"Vineland Elementary","KK-08",888,42.5,66,609,0.074324325,4565.746094,20.89411736,0.912434622,46.95946121,605.5,612.5
"Orange Center Elementary","KK-08",379,19,35,612.5,0.092348285,5355.54834,19.94736862,0.868350513,30.07915688,608.9000244,616.0999756
"Del Paso Heights Elementary","KK-06",2247,108,0,612.6500244,0,5036.211426,20.80555534,1.06495687,40.27592087,611.9000244,613.4000244
"Le Grand Union Elementary","KK-08",446,21,86,615.75,0.192825109,4547.692383,21.23809433,0.950900077,52.91479874,612.7999878,618.7000122
"West Fresno Elementary","KK-08",987,47,56,616.2999878,0.056737587,5447.345215,21,0.868350513,54.60993195,616.5999756,616
"Allensworth Elementary","KK-08",103,5,25,616.2999878,0.242718443,6567.149414,20.60000038,0.727134427,42.71844482,612.7999878,619.7999878
"Sunnyside Union Elementary","KK-08",487,24.34000015,0,616.2999878,0,4818.612793,20.00821686,0.917977897,20.53388023,610,622.5999756
"Woodville Elementary","KK-08",649,36,31,616.4500122,0.047765795,5621.456055,18.02777863,0.983626292,80.1232605,611.9000244,621
"Pixley Union Elementary","KK-08",852,42.06999969,80,617.3499756,0.093896717,6026.359863,20.25196075,0.872389388,49.41314316,614.7999878,619.9000244
"Lost Hills Union Elementary","KK-08",491,28.92000008,100,618.0500488,0.203665987,6723.237793,16.97786903,0.793511011,85.53971863,611.7000122,624.4000244
"Buttonwillow Union Elementary","KK-08",421,25.5,50,618.3000488,0.118764848,5589.885254,16.50980377,0.890085523,58.90736389,614.9000244,621.7000122
"Lennox Elementary","KK-08",6880,303.0299988,960,619.7999878,0.139534891,5064.615723,22.70402336,0.846460815,77.0058136,619.0999756,620.5
"Lamont Elementary","KK-08",2688,135,139,620.2999878,0.05171131,5433.593262,19.91111183,0.755798648,49.81398773,621.2999878,619.2999878
"Westmorland Union Elementary","KK-08",440,24,69,620.5,0.156818181,5725.563477,18.33333397,0.899875195,40.68181992,615.5999756,625.4000244
"Pleasant View Elementary","KK-08",475,21,53,621.4000244,0.111578949,4542.10498,22.61904716,0.983626292,16.21052551,619.9000244,622.9000244
"Wasco Union Elementary","KK-08",2538,130.5,169,621.75,0.066587865,5107.086426,19.44827652,0.869525075,45.07486343,622.9000244,620.5999756
"Alta Vista Elementary","KK-08",476,19,0,622.0500488,0,4659.661621,25.05263138,0.983626292,39.07563019,620.7000122,623.4000244
"Livingston Union Elementary","KK-08",2357,114,216,622.5999756,0.091641918,4555.464355,20.67543793,0.904120216,76.66525269,619.5,625.7000122
"Woodlake Union Elementary","KK-08",1588,85,198,623.0999756,0.124685138,5415.152832,18.68235207,0.930592476,40.49118423,625,621.2000122
"Alisal Union Elementary","KK-06",7306,319.7999878,742,623.2000122,0.101560362,4997.871582,22.84552956,0.902176002,73.7202301,620.4000244,626
"Arvin Union Elementary","KK-08",2601,135,269,623.4500122,0.103421763,5223.912109,19.26666641,0.86362021,70.01153564,616.5,630.4000244
"Terra Bella Union Elementary","KK-08",847,44,67,623.5999756,0.079102717,5139.164551,19.25,0.951045949,55.96221542,620.0999756,627.0999756
"Tipton Elementary","KK-08",452,22,55,624.1500244,0.121681415,4614.251953,20.54545403,0.932169241,11.06194687,627.9000244,620.4000244
"San Ysidro Elementary","KK-08",4142,201,569,624.5500488,0.137373254,5342.233398,20.60696602,0.820398517,80.42008972,620.4000244,628.7000122
"Soledad Unified","KK-08",2102,99.75,224,624.9500122,0.106565177,5347.458496,21.07268143,1.093736798,63.13035583,623,626.9000244
"Mountain View Elementary","KK-08",10012,464.8999939,721,625.2999878,0.072013587,5036.458984,21.53581429,0.909909713,65.12185669,620.7999878,629.7999878
"King City Union Elementary","KK-08",2488,125,202,625.8499756,0.081189707,5117.141602,19.90399933,1.058084215,53.41640091,626.0999756,625.5999756
"Ontario-Montclair Elementary","KK-08",25151,1186.699951,1713,626.0999756,0.068108626,5117.039551,21.19406891,1.06901006,49.82307053,625.4000244,626.7999878
"Los Nietos Elementary","KK-08",2267,103.6800003,177,626.8000488,0.07807675,5272.191895,21.86535454,1.054325745,35.46537018,625.4000244,628.2000122
"Winton Elementary","KK-08",1657,90.40000153,204,626.9000244,0.123114064,5225.719238,18.32964516,0.982180726,56.12552643,623.5999756,630.2000122
"Raisin City Elementary","KK-08",284,17.5,18,627.0999756,0.063380279,6516.533203,16.22857094,1.163101703,32.39436722,628.9000244,625.2999878
"Ravenswood City Elementary","KK-08",5370,280,562,627.25,0.104655497,4559.176758,19.1785717,1.343605498,65.51210022,624.4000244,630.0999756
"Richland-Lerdo Union Elementary","KK-08",2471,121.8600006,275,627.2999878,0.111290976,5119.158203,20.27736664,0.987174485,53.05544281,627.5,627.0999756
"Oxnard Elementary","KK-08",15386,669.3599854,1762,628.25,0.114519693,5338.185547,22.98613739,1.060053265,49.64253235,627.7999878,628.7000122
"El Nido Elementary","KK-08",184,9,40,628.4000244,0.217391297,5090.044922,20.44444466,0.91264713,45.10869598,621.5999756,635.2000122
"Fairfax Elementary","KK-08",1217,61.40000153,78,628.5500488,0.064092033,5485.496094,19.82084656,0.912434622,30.32045937,629.4000244,627.7000122
"Delano Union Elementary","KK-08",6219,268,571,628.6500244,0.091815405,4793.370117,23.20522308,0.875061263,52.24312592,621.0999756,636.2000122
"Perris Elementary","KK-06",4258,221,324,628.75,0.076092064,5092.91748,19.26696777,1.002187664,36.80131531,626.5,631
"Valle Lindo Elementary","KK-08",1235,53,175,629.8000488,0.141700402,4359.520996,23.30188751,0.865222443,30.28339958,630.2000122,629.4000244
"Alum Rock Union Elementary","KK-08",16244,766.6500244,1423,630.3499756,0.087601572,5645.495605,21.18828583,1.09973509,49.8645668,629.5,631.2000122
"Edison Elementary","KK-08",814,39,85,630.4000244,0.104422607,4518.016113,20.87179565,1.181185935,13.75921345,631.9000244,628.9000244
"Bakersfield City Elementary","KK-08",27176,1429,3324,630.5499878,0.122313805,5864.366211,19.0174942,1.08311287,28.86370468,631.5999756,629.5
"Franklin-McKinley Elementary","KK-08",10696,487.9700012,1306,630.5499878,0.122101717,5257.996582,21.91938019,1.071329581,52.80478668,628.5,632.5999756
"Hawthorne Elementary","KK-08",8935,444.5,786,631.0500488,0.087968662,5016.692383,20.10123825,1.148047102,44.08506012,628.4000244,633.7000122
"Chowchilla Elementary","KK-08",1600,74.5,242,631.4000244,0.151250005,4720.086426,21.476511,1.020029639,35.25,635.7000122,627.0999756
"Salinas City Elementary","KK-06",9028,449.9200134,669,631.8499756,0.074102789,5470.5625,20.06578827,1.12727061,37.49446106,633,630.7000122
"Santa Maria-Bonita Elementary","KK-08",10625,521.4699707,896,631.9000244,0.084329411,5615.441895,20.37509537,1.089968654,50.39059067,629.5999756,634.2000122
"Whittier City Elementary","KK-08",7151,318.5799866,560,631.9500122,0.078310728,5245.439941,22.4464817,1.187635508,31.07257843,634.2000122,629.7000122
"Eastside Union Elementary","KK-08",2404,105,202,632,0.08402662,4838.175293,22.89523888,1.138681556,18.26123238,633.5,630.5
"Lawndale Elementary","KK-08",5804,283.1499939,480,632.2000122,0.082701586,5367.988281,20.49797058,1.151798723,34.70020676,631.4000244,633
"Robla Elementary","KK-06",2253,112.6500015,196,632.25,0.086995117,5526.236816,20,0.947678729,33.28894806,637.5,627
"Santa Rita Union Elementary","KK-08",2807,126.1200027,152,632.4499512,0.054150339,4353.019531,22.25658035,1.11384311,33.48770905,637.2999878,627.5999756
"Rio Elementary","KK-08",3074,142.5500031,249,632.8499756,0.081001952,5034.290039,21.56436348,1.064158373,38.15875244,633.2000122,632.5
"Strathmore Union Elementary","KK-08",723,37.11999893,45,632.9500122,0.062240664,4692.493652,19.47737122,0.917977897,36.92946243,629.2000122,636.7000122
"North Sacramento Elementary","KK-06",5138,290.7749939,560,633.0499878,0.108991824,5606.781738,17.67002106,1.037651257,32.98949051,630.2999878,635.7999878
"Anaheim Elementary","KK-06",20927,953.5,1048,633.1500244,0.050078847,4969.180664,21.94756126,1.127125062,58.21665573,629.5999756,636.7000122
"Lemoore Union Elementary","KK-08",3017,138.5,496,633.6500244,0.164401725,4675.674805,21.78339386,1.044578968,17.00364685,634.4000244,632.9000244
"Armona Union Elementary","KK-08",957,50,149,633.9000244,0.155694887,5306.132813,19.13999939,0.958181487,17.65935326,634.7000122,633.0999756
"Beardsley Elementary","KK-08",1639,90.5,287,634,0.175106779,5693.883301,18.11049652,1.126780588,7.321537495,638.4000244,629.5999756
"South Whittier Elementary","KK-08",4340,209.8399963,284,634.0500488,0.065437786,5181.57959,20.68242455,1.164401204,31.19815636,631.9000244,636.2000122
"Hanford Elementary","KK-08",5079,224.5,585,634.0999756,0.115180157,5228.650879,22.62360764,1.045948545,16.61744499,637.7000122,630.5
"National Elementary","KK-06",6639,304.730011,505,634.0999756,0.076065674,5339.391113,21.78649902,0.925466818,58.08103561,631.5,636.7000122
"Roseland Elementary","KK-06",1154,62.09999847,129,634.1500244,0.111785099,6056.49707,18.58293152,1.066884742,55.89254379,636.7999878,631.5
"Di Giorgio Elementary","KK-08",237,11,13,634.1999512,0.054852322,4845.680176,21.54545403,0.86362021,5.485232353,631.7999878,636.5999756
"Keppel Union Elementary","KK-08",2987,141.2100067,273,634.4000244,0.091396049,4826.666016,21.15289116,1.137689497,14.4291935,637.7000122,631.0999756
"Lakeside Union Elementary","KK-08",499,30,94,634.5499878,0.188376755,5367.090332,16.63333321,1.045948545,22.84569168,635.5,633.5999756
"Merced City Elementary","KK-08",11474,542.6500244,1248,634.7000122,0.108767651,5742.73291,21.14438248,1.015545361,38.78333664,633.2000122,636.2000122
"Guadalupe Union Elementary","KK-08",1088,55,107,634.9000244,0.098345585,4136.250977,19.78181839,0.84404203,64.24632263,631.0999756,638.7000122
"Cucamonga Elementary","KK-08",2660,140.1199951,259,634.9499512,0.097368419,5267.831055,18.98372841,1.160402501,25.22556496,637.7999878,632.0999756
"Knightsen Elementary","KK-08",353,19.97999954,8,635.0499878,0.022662889,5238.39209,17.66766739,1.165926546,5.382436275,636.5999756,633.5
"Rio Dell Elementary","KK-08",329,18.53000069,37,635.1999512,0.112462007,5462.899414,17.75499153,1.026492395,6.079027653,644.2999878,626.0999756
"Montague Elementary","KK-08",252,16.5,32,635.4500122,0.126984134,6313.373535,15.27272701,0.990383265,0,640.9000244,630
"McCloud Union Elementary","KK-08",175,12.5,31,635.5999756,0.177142859,6653.030762,14,1.027594217,0,634.5999756,636.5999756
"Santa Paula Elementary","KK-08",3835,186.1999969,897,635.5999756,0.233898312,5533.149414,20.59613419,1.076931565,34.88917923,633,638.2000122
"West Park Elementary","KK-08",314,19.25,8,635.75,0.025477707,6118.710449,16.31168747,0.868350513,13.05732441,636.7000122,634.7999878
"Atwater Elementary","KK-08",4458,211,445,635.9500122,0.099820547,5098.626953,21.12796211,1.028408551,36.0251236,633.2000122,638.7000122
"Weaver Union Elementary","KK-08",1313,75.08000183,112,636.0999756,0.08530084,5652.878906,17.48801231,0.998782275,34.65346527,633.9000244,638.2999878
"Pacific Union Elementary","KK-08",474,26.5,36,636.5,0.075949363,5329.002441,17.88679314,0.916874898,28.69198227,634.7000122,638.2999878
"Lucerne Valley Unified","KK-08",1114,57.70000076,277,636.5999756,0.248653501,5929.809082,19.30675888,0.94919477,1.795332193,645.4000244,627.7999878
"Romoland Elementary","KK-06",1358,65,178,636.6999512,0.131075114,4897.067871,20.89230728,1.081419334,30.63328552,632.2999878,641.0999756
"El Monte City Elementary","KK-08",11629,546.2999878,1015,636.9000244,0.087281793,5100.202148,21.28683853,0.974460799,59.0334549,632.4000244,641.4000244
"Greenfield Union Elementary","KK-08",6195,306.75,1261,636.9500122,0.203551248,4825.722656,20.1955986,0.950381063,13.55932236,636.2000122,637.7000122
"Palo Verde Union Elementary","KK-08",499,20,35,637,0.07014028,4079.12915,24.95000076,1.004235348,5.010019779,636.0999756,637.9000244
"Elverta Joint Elementary","KK-08",417,23,27,637.0999756,0.064748198,5349.367676,18.13043404,1.072984742,0.959232628,638,636.2000122
"Lucerne Elementary","KK-08",300,15,55,637.3499756,0.183333337,5869.38916,20,1.06269479,0.666666687,640.9000244,633.7999878
"Luther Burbank Elementary","KK-08",457,24.39999962,50,637.6500244,0.109409191,6462.12793,18.72950935,1.294620533,38.51203537,644.9000244,630.4000244
"Bangor Union Elementary","KK-08",146,8,34,637.9499512,0.232876718,6231.601563,18.25,0.851564083,0,646.0999756,629.7999878
"Bayshore Elementary","KK-08",460,24.21999931,71,637.9500122,0.154347822,4993.867676,18.99256897,1.137512365,17.17391396,633.2000122,642.7000122
"Oak Valley Union Elementary","KK-08",354,17.79999924,28,638,0.079096042,4663.811035,19.88764191,1.004235348,9.887005806,636.7000122,639.2999878
"Wilsona Elementary","KK-08",1841,95,315,638.2000122,0.171102658,6107.106445,19.37894821,1.138681556,19.39163589,640.4000244,636
"Brawley Elementary","KK-08",3760,183.75,717,638.3000488,0.190691486,5324.228027,20.46258545,0.985201857,36.48936081,636.2000122,640.4000244
"Meadows Union Elementary","KK-08",500,22.43000031,70,638.3000488,0.140000001,5221.460938,22.29157257,1.011316641,39.39999771,630.4000244,646.2000122
"Little Lake City Elementary","KK-08",5112,246.8999939,383,638.3499756,0.07492175,5157.784668,20.70473862,1.063303348,28.67762184,638.5999756,638.0999756
"Pond Union Elementary","KK-08",146,7.659999847,28,638.5499878,0.19178082,5131.119141,19.06005287,0.869525075,13.69863033,637.5,639.5999756
"Taft City Elementary","KK-08",2141,105.8199997,134,638.7000122,0.062587574,5279.354004,20.23246956,1.081959054,11.34983635,636.9000244,640.5
"Brittan Elementary","KK-08",610,30.97999954,144,639.25,0.236065567,4704.043945,19.6901226,1.052424588,3.442623138,640.2999878,638.2000122
"Arena Union Elementary","KK-08",337,16.54999924,26,639.3000488,0.077151336,6089.910645,20.36253929,1.00151737,15.43026733,642.7000122,635.9000244
"Adelanto Elementary","KK-08",4501,227.8500061,597,639.3499756,0.132637188,5356.833496,19.75422287,0.923451261,17.97378349,639.9000244,638.7999878
"Hollister School District","KK-08",5718,295.0499878,313,639.5,0.054739419,5144.549316,19.37976646,1.134495859,22.71773338,641.4000244,637.5999756
"Palmdale Elementary","KK-08",19402,846.3800049,1182,639.75,0.060921554,4906.22998,22.9235096,1.150070463,18.43624496,641.7000122,637.7999878
"Oroville City Elementary","KK-08",3401,175.5500031,560,639.7999878,0.164657459,5489.588867,19.37339783,1.051774555,16.17171478,641.5,638.0999756
"Standard Elementary","KK-08",2621,136.8300018,397,639.8499756,0.151468903,5718.55127,19.15515518,1.126780588,2.02212882,641.4000244,638.2999878
"Briggs Elementary","KK-08",426,20,87,639.9000244,0.204225346,4436.152832,21.29999924,1.076931565,9.62441349,634.2999878,645.5
"Monroe Elementary","KK-08",205,11.19999981,24,640.0999756,0.117073171,4895.439453,18.3035717,0.916874898,41.46341324,643.5,636.7000122
"Lancaster Elementary","KK-08",13668,648.4099731,1321,640.1500244,0.09664911,5159.21875,21.07925606,1.153105013,9.8990345,640.4000244,639.9000244
"Alview-Dairyland Union Elementary","KK-08",342,18.20000076,98,640.5,0.286549717,5490.654785,18.79120827,1.020029639,16.08187103,637.7000122,643.2999878
"Magnolia Elementary","KK-06",6518,332.1000061,499,640.75,0.076557226,5172.019531,19.62661743,1.153598451,43.4949379,638.5,643
"Liberty Elementary","KK-08",239,12.19999981,30,640.9000244,0.125523016,4441.672852,19.59016418,1.148170613,8.786610603,644.9000244,636.9000244
"Mt. Pleasant Elementary","KK-08",2911,139.4700012,281,641.0999756,0.0965304,5220.370117,20.87187195,1.203250535,39.02438736,640.4000244,641.7999878
"El Centro Elementary","KK-08",6272,297.0400085,1338,641.4499512,0.213329077,5252.810547,21.11500168,1.011316641,53.89030457,639.2999878,643.5999756
"South Bay Union Elementary","KK-06",10218,508.75,1435,641.4499512,0.140438437,5518.702148,20.08452034,1.025407069,41.13329315,638.5999756,644.2999878
"Cascade Union Elementary","KK-08",1735,87.13999939,222,641.5499878,0.127953887,5609.487793,19.91048813,1.022139561,1.383285284,640.7999878,642.2999878
"Kings River Union Elementary","KK-08",474,26.61000061,96,641.8000488,0.202531651,4945.031738,17.81285095,1.050689025,35.44303894,638.9000244,644.7000122
"Gerber Union Elementary","KK-08",544,30,145,642.1999512,0.266544104,5223.025391,18.13333321,1.002425254,8.639705658,641.7999878,642.5999756
"Exeter Union Elementary","KK-08",1987,103.3700027,283,642.2000122,0.142425761,4757.025391,19.22221184,1.04855831,15.34977436,637,647.4000244
"American Union Elementary","KK-08",418,22.39999962,50,642.4000244,0.119617224,5522.161621,18.6607151,0.868350513,19.85645866,640.2000122,644.5999756
"San Antonio Union Elementary","KK-08",196,10,40,642.75,0.20408164,6087.608887,19.60000038,1.132867803,3.061224461,652.5999756,632.9000244
"Burton Elementary","KK-08",2208,114.5,92,643.0499878,0.041666668,4960.515625,19.28384209,0.983626292,9.873188019,642,644.0999756
"Nuview Union Elementary","KK-08",1255,55,165,643.1999512,0.131474108,4880.040527,22.81818199,1.183952791,16.09561729,642.5999756,643.7999878
"Bellevue Union Elementary","KK-06",1469,78.09999847,65,643.25,0.044247787,6538.417969,18.80921936,1.147189217,43.49897766,639.4000244,647.0999756
"Garvey Elementary","KK-08",7114,332.8399963,680,643.4000244,0.095586166,4925.659668,21.37363243,1.010285831,45.03795242,638.9000244,647.9000244
"Corning Union Elementary","KK-08",1962,98,170,643.4000244,0.086646281,5204.6875,20.02040863,0.97703732,18.19571877,641.7000122,645.0999756
"Jefferson Elementary","KK-08",7761,361,658,643.5,0.084782891,4907.410645,21.49861526,1.176955363,15.48769474,644.2000122,642.7999878
"Big Springs Union Elementary","KK-08",216,14,47,643.5,0.217592597,5923.45166,15.4285717,0.990383265,0.92592591,652.7000122,634.2999878
"General Shafter Elementary","KK-08",224,10,31,643.6999512,0.138392851,4741.957031,22.39999962,1.120310655,7.589285851,633.5999756,653.7999878
"Turlock Joint Elementary","KK-08",7887,391.8599854,1004,643.7000122,0.127298087,4954.019531,20.12708664,1.08692901,29.08583832,645.7000122,641.7000122
"Twain Harte-Long Barn Union Elementary","KK-08",752,39.5,0,644.1999512,0,5500.10791,19.03797531,1.148479265,0.132978722,652.2999878,636.0999756
"Redwood City Elementary","KK-08",9328,537.8800049,1719,644.2000122,0.184283882,5360.51709,17.34215736,1.406324398,50.85763168,644.5,643.9000244
"Camino Union Elementary","KK-08",548,32.20000076,35,644.4000244,0.063868612,5685.63916,17.01863289,1.172223331,11.49635029,652.0999756,636.7000122
"Plainsburg Union Elementary","KK-08",104,5,19,644.4500122,0.182692304,5594.196289,20.79999924,0.998782275,13.46153927,649.5,639.4000244
"Banta Elementary","KK-08",275,13,4,644.4500122,0.014545455,4692.566895,21.15384674,1.163697948,4.727272511,643.2000122,645.7000122
"Washington Colony Elementary","KK-08",443,24,52,644.5,0.117381491,5085.40625,18.45833397,0.868350513,21.44469452,644.2999878,644.7000122
"Rio Linda Union Elementary","KK-06",10337,540.0499878,1268,644.5499878,0.12266615,5456.197266,19.14082146,1.091420743,12.35368061,646,643.0999756
"Chatom Union Elementary","KK-08",806,41.52999878,36,644.6999512,0.044665013,5105.179688,19.40765762,1.094517686,30.14888382,645.2999878,644.0999756
"Merced River Union Elementary","KK-08",227,11.60000038,25,644.9500122,0.110132158,5519.677246,19.568964,1.173361121,15.85902977,649.7000122,640.2000122
"Hueneme Elementary","KK-08",8416,391.4200134,1333,645.0999756,0.158388779,5065.911133,21.50119972,1.102773185,43.75,642.9000244,647.2999878
"Cuddeback Union Elementary","KK-08",149,8.5,30,645.25,0.201342285,5182.428223,17.52941132,1.014226437,0,656.7999878,633.7000122
"Blue Lake Union Elementary","KK-08",220,13.39000034,48,645.5499878,0.218181819,5960.464355,16.43017197,1.078166713,0,658,633.0999756
"Lemon Grove Elementary","KK-08",4612,232.9700012,601,645.5500488,0.130312234,5124.836426,19.79653931,1.108125083,16.65221214,647.7000122,643.4000244
"Upper Lake Union Elementary","KK-08",590,34.33000183,71,645.5999756,0.120338984,5655.133301,17.18613434,1.001733711,3.22033906,644.7999878,646.4000244
"Peninsula Union Elementary","KK-08",133,7.550000191,25,645.75,0.187969923,5811.689941,17.61589432,1.124993021,0,644.2999878,647.2000122
"Ocean View Elementary","KK-08",2440,121.2399979,116,645.75,0.047540985,5467.673828,20.12537193,0.993612562,48.52458954,645.5,646
"Reeds Creek Elementary","KK-08",133,6,0,646,0,5213.089355,22.16666603,1.057894206,0.751879692,652.5,639.5
"Arcohe Union Elementary","KK-08",519,26,65,646.2000122,0.125240847,4613.1875,19.96153831,1.179867619,1.92678237,650.9000244,641.5
"New Jerusalem Elementary","KK-08",222,11.65999985,30,646.3499756,0.135135129,4886.983887,19.0394516,1.163697948,13.51351261,643,649.7000122
"Dunsmuir Elementary","KK-08",285,18.71999931,36,646.4000244,0.126315787,6455.136719,15.22435951,1.011485845,0,641.5999756,651.2000122
"Stanislaus Union Elementary","KK-08",3129,147.9799957,471,646.5,0.150527328,5125.433105,21.1447506,1.192925706,16.71460533,647.7999878,645.2000122
"Kingsburg Joint Union Elementary","KK-08",2019,102.7799988,167,646.5499878,0.082714215,5193.692383,19.64389992,1.050689025,5.943536282,649.0999756,644
"Buena Park Elementary","KK-08",5620,267,316,646.7000122,0.056227759,5002.838867,21.04868889,1.177576187,36.17437744,644,649.4000244
"Westminster Elementary","KK-08",9775,484.5,1218,646.9000244,0.124603577,5337.625488,20.17543793,1.187892153,44.97186661,645.5999756,648.2000122
"Island Union Elementary","KK-08",246,11.5,38,646.9499512,0.154471546,5161.202148,21.39130402,1.044578968,16.66666794,647.7999878,646.0999756
"Tulare City Elementary","KK-08",7210,360.3500061,800,647.0499878,0.110957004,5158.791992,20.00832558,1.004235348,15.18723965,642.5,651.5999756
"Chula Vista Elementary","KK-06",21338,1051.579956,2889,647.25,0.135392264,5123.474121,20.2913723,1.155284399,34.33779907,645,649.5
"Black Butte Union Elementary","KK-08",477,27,27,647.2999878,0.056603774,5782.543945,17.66666603,1.071992424,0,650.7999878,643.7999878
"McSwain Union Elementary","KK-08",727,39.90000153,50,647.5999756,0.068775788,4842.60791,18.22055054,0.998782275,13.06739998,649.4000244,645.7999878
"Franklin Elementary","KK-08",374,18.45000076,46,647.5999756,0.122994654,4219.40625,20.27100182,1.187774466,4.278074741,651.5999756,643.5999756
"Escondido Union Elementary","KK-08",18255,903.7600098,2001,648,0.109613806,5081.169922,20.198946,1.18451539,39.5946312,645,651
"East Whittier City Elementary","KK-08",8787,410.9100037,1058,648.2000122,0.120405145,5144.993652,21.38424492,1.191253342,21.66837311,648,648.4000244
"Rio Bravo-Greeley Union Elementary","KK-08",797,38,60,648.25,0.075282305,4674.298828,20.97368431,1.212001038,3.262233257,648.7999878,647.7000122
"Marcum-Illinois Union Elementary","KK-08",140,7,40,648.3499756,0.285714298,4830.326172,20,1.109747238,7.857142925,651.5999756,645.0999756
"Vallecitos Elementary","KK-08",235,13.69999981,51,648.7000122,0.217021272,5621.687988,17.15328407,1.220709384,39.57446671,643.4000244,654
"Victor Elementary","KK-06",8294,371.1000061,1295,648.9499512,0.15613696,4948.868164,22.3497715,1.098639673,10.12780285,645.0999756,652.7999878
"Savanna Elementary","KK-06",2409,108.6600037,354,649.1500244,0.146948949,5100.975586,22.17007065,1.154076022,27.52179146,646,652.2999878
"West Side Union Elementary","KK-06",150,8.25,16,649.3000488,0.106666669,5132.788574,18.18181801,1.263067687,14,655.2000122,643.4000244
"Enterprise Elementary","KK-08",3981,210,606,649.5,0.152223065,5358.51709,18.95714378,1.10548098,8.842000008,649.7999878,649.2000122
"Red Bluff Union Elementary","KK-08",2326,117.8000031,345,649.6999512,0.148323298,5149.186523,19.74533081,1.057894206,6.405846596,651.2999878,648.0999756
"Jamestown Elementary","KK-08",501,30.5,163,649.8499756,0.325349301,5373.206543,16.42622948,0.9459607,2.395209789,652.5999756,647.0999756
"Weed Union Elementary","KK-08",470,28.27000046,48,650.4499512,0.102127656,6485.166016,16.62539673,1.048286379,5.957447052,655.0999756,645.7999878
"South Bay Union Elementary","KK-06",575,35.09999847,59,650.5499878,0.102608696,5504.025391,16.38176727,1.153143847,8.173913002,654.5999756,646.5
"Brentwood Union Elementary","KK-08",3519,175.3000031,789,650.5999756,0.224211425,5105.734375,20.07415771,1.176872299,15.45893669,655.4000244,645.7999878
"Summerville Elementary","KK-08",474,26.34000015,61,650.6500244,0.128691986,5634.730957,17.99544334,1.022057017,0,653.5999756,647.7000122
"Ophir Elementary","KK-08",223,11.5,60,650.9000244,0.269058287,4980.294434,19.39130402,1.270119586,0,651.7999878,650
"Montgomery Elementary","KK-08",92,5.599999905,22,650.9000244,0.239130437,6113.859863,16.4285717,1.352741902,0,656.0999756,645.7000122
"Santa Rosa Elementary","KK-06",4971,297.1400146,500,651.1500244,0.100583382,5850,16.72948647,1.262412866,31.82458305,653.2999878,649
"Salida Union Elementary","KK-08",2617,107.1949997,226,651.2000122,0.086358428,4547.944824,24.41345215,1.075026585,12.80091667,651.7000122,650.7000122
"Shasta Union Elementary","KK-08",242,13.25,32,651.3499756,0.132231399,5011.840332,18.26415062,0.996774255,0,654.4000244,648.2999878
"Fortuna Union Elementary","KK-08",780,41.15000153,75,651.4000244,0.096153848,5261.370605,18.95504189,1.152196569,3.846153975,662,640.7999878
"Rockford  Elementary","KK-08",324,15.39999962,50,651.4500122,0.154320985,4276.115234,21.03896141,0.983626292,2.469135761,647,655.9000244
"Plaza Elementary","KK-08",140,6.75,25,651.8000488,0.178571433,4566.27002,20.74073982,1.026900806,10.71428585,654.2000122,649.4000244
"Monte Rio Union Elementary","KK-08",181,10,26,651.8499756,0.143646404,6049.495117,18.10000038,1.160618584,0,651.9000244,651.7999878
"Janesville Union Elementary","KK-08",516,26,65,651.9000244,0.125968993,4974.28125,19.84615326,1.12927086,1.937984467,656.2999878,647.5
"Magnolia Union Elementary","KK-08",108,5,25,652,0.231481478,4432.478027,21.60000038,0.985201857,4.629629612,648.2000122,655.7999878
"Shaffer Union Elementary","KK-08",419,18.67000008,58,652.0999756,0.138424814,4924.619141,22.44242096,1.104077212,5.250596523,656.4000244,647.7999878
"Fullerton Elementary","KK-08",12567,546.0499878,1099,652.0999756,0.087451264,4603.659668,23.01437569,1.250980806,27.54038239,651.5999756,652.5999756
"Cinnabar Elementary","KK-06",287,16.17000008,65,652.2999878,0.226480842,5973.925293,17.74891853,1.234416041,14.98257828,655.0999756,649.5
"Santa Barbara Elementary","KK-08",6201,339.1000061,634,652.3000488,0.102241576,5215.943848,18.28664017,1.292026363,47.87937546,650.9000244,653.7000122
"Rohnerville Elementary","KK-08",577,29.95000076,134,652.3499756,0.2322357,4882.236816,19.26544189,1.152196569,0,657.2000122,647.5
"Pleasant Grove Joint Union Elementary","KK-08",170,7.5,41,652.4000244,0.241176471,4145.835938,22.66666603,1.075984674,1.764706016,660.2999878,644.5
"Mountain Union Elementary","KK-08",164,8.5,36,652.4000244,0.219512194,7542.038086,19.29411697,1.12665081,0,655.2000122,649.5999756
"South Fork Union Elementary","KK-08",382,22,75,652.5,0.196335077,5247.018066,17.36363602,1.062732359,0,653.0999756,651.9000244
"Jamul-Dulzura Union Elementary","KK-08",1221,61.59999847,250,652.8499756,0.20475021,5169.814941,19.8214283,1.279347471,7.289107323,656.7999878,648.9000244
"Live Oak Elementary","KK-08",2214,108.3499985,213,653.0999756,0.096205965,5951.005859,20.43377876,1.215029167,17.02800369,656.0999756,650.0999756
"Menifee Union Elementary","KK-08",4523,215,409,653.4000244,0.090426706,4746.572266,21.03720856,1.147923527,10.43555164,653.7000122,653.0999756
"Lakeside Union Elementary","KK-08",793,39.79999924,49,653.5,0.061790667,4944.092285,19.92462349,1.280305161,2.269861221,652.4000244,654.5999756
"Whisman Elementary","KK-08",1678,88.26999664,254,653.5499878,0.151370674,6306.487305,19.00985718,1.317436506,28.24791336,655.5999756,651.5
"McCabe Union Elementary","KK-08",536,22.5,35,653.5500488,0.065298505,4260.306641,23.82222176,1.011316641,8.768656731,653.4000244,653.7000122
"Lammersville Elementary","KK-08",307,15.85000038,36,653.6999512,0.117263846,4718.163086,19.36908531,1.163697948,7.491856575,654.0999756,653.2999878
"Lassen View Union Elementary","KK-08",347,17.5,56,653.7999878,0.161383286,4751.299805,19.82857132,1.008685305,9.798271179,655.5,652.0999756
"Loleta Union Elementary","KK-08",168,11.01000023,30,653.8499756,0.178571433,5653.453613,15.25885487,1.09697949,12.5,655.9000244,651.7999878
"Junction Elementary","KK-08",532,31,81,653.9499512,0.152255639,5920.253418,17.16129112,1.143202229,0,656.5999756,651.2999878
"Rosemead Elementary","KK-08",3272,150,374,654.0999756,0.114303179,4825.59082,21.81333351,0.999391564,31.20415497,651.4000244,656.7999878
"Grass Valley Elementary","KK-08",2045,107.2099991,268,654.1999512,0.131051347,5532.582031,19.07471275,1.137100801,1.369193196,657.7999878,650.5999756
"Buena Vista Elementary","KK-08",156,6.050000191,7,654.1999512,0.044871796,3926.06958,25.78512383,1.004235348,9.615385056,659.7999878,648.5999756
"Kernville Union Elementary","KK-08",1129,61.99000168,164,654.2999878,0.145261288,5805.636719,18.21261406,1.052732421,0,655.0999756,653.5
"Galt Joint Union Elementary","KK-08",3669,201.9700012,500,654.5999756,0.136276916,4899.239746,18.16606331,1.121395693,24.25728989,652.7000122,656.5
"Southside Elementary","KK-08",157,9.25,19,654.8499756,0.12101911,4884.862305,16.97297287,1.134495859,9.554140091,654.2000122,655.5
"Lakeside Union Elementary","KK-08",4928,229.1999969,618,654.8499756,0.125405848,5139.9375,21.50087357,1.165036484,5.92532444,653.5,656.2000122
"Nuestro Elementary","KK-08",103,5,13,654.9000244,0.126213595,5249.364746,20.60000038,0.943296616,0.970873773,662.2000122,647.5999756
"Alvina Elementary","KK-08",175,10.30000019,17,655.0499878,0.09714286,5399.070313,16.9902916,1.01443654,18.2857132,650,660.0999756
"Oakley Union Elementary","KK-08",4153,199.8600006,241,655.0500488,0.058030341,4965.290039,20.77954483,1.212799979,4.984348774,657.4000244,652.7000122
"Etna Union Elementary","KK-06",280,18.04999924,67,655.0500488,0.239285707,6210.323242,15.51246643,1.027607782,4.285714626,660.4000244,649.7000122
"Jefferson Elementary","KK-08",865,43.5,96,655.1999512,0.110982656,4797.503418,19.88505745,1.163697948,3.352601051,660.7999878,649.5999756
"Berryessa Union Elementary","KK-08",8735,408.2000122,1120,655.3000488,0.128219798,5397.161621,21.39882278,1.270226841,32.70749664,655.4000244,655.2000122
"Kit Carson Union Elementary","KK-08",412,20.10000038,72,655.3499756,0.174757287,5078.5,20.49751282,1.045948545,9.46601963,653,657.7000122
"Sylvan Union Elementary","KK-08",6373,329.1199951,624,655.3499756,0.097913072,4733.746582,19.36375809,1.164283445,6.260787487,657.5999756,653.0999756
"Oak View Union Elementary","KK-08",332,18.79999924,73,655.4000244,0.219879523,4963.060059,17.65957451,1.190135522,13.25301266,653.2000122,657.5999756
"Auburn Union Elementary","KK-08",2903,138.1199951,192,655.5499878,0.066138476,5431.177246,21.01795578,1.211440918,3.169135332,662,649.0999756
"North County Joint Union Elementary","KK-08",565,29.64999962,60,655.6999512,0.10619469,5382.088867,19.0556488,1.134495859,16.9911499,651.5999756,659.7999878
"Pioneer Union Elementary","KK-08",586,26,78,655.7999878,0.1331058,5724.441895,22.53846169,1.093211494,0.853242338,662,649.5999756
"Central Elementary","KK-08",5068,240.1000061,626,655.8499756,0.123520128,4843.427246,21.10787201,1.185570493,6.649565697,655.9000244,655.7999878
"Pacheco Union Elementary","KK-08",859,42.84000015,118,656.4000244,0.137369037,5730.349121,20.05135345,1.102639496,0.116414435,654.0999756,658.7000122
"Chicago Park Elementary","KK-08",145,10.21000004,20,656.5,0.137931034,5635.786133,14.20176315,1.137100801,0,657.7999878,655.2000122
"Brisbane Elementary","KK-08",649,35.125,155,656.5500488,0.238828972,5671.657227,18.47686768,1.249939926,6.933744431,658.7000122,654.4000244
"Central Union Elementary","KK-08",1789,96,435,656.6500244,0.243152604,7070.633301,18.63541603,1.023526836,9.558412552,655.4000244,657.9000244
"Happy Valley Union Elementary","KK-08",775,37,50,656.7000122,0.064516127,5097.343262,20.94594574,1.022139561,0.90322578,661.5,651.9000244
"Mark Twain Union Elementary","KK-08",777,36.84999847,148,656.8000488,0.190476194,5482.677246,21.08548164,1.12198638,1.158301115,663.4000244,650.2000122
"San Rafael City Elementary","KK-08",3518,188.1999969,419,656.8000488,0.119101763,5642.832031,18.69288063,1.351661044,40.10801697,656.7000122,656.9000244
"Cajon Valley Union Elementary","KK-08",19294,924.5700073,2401,657,0.124442831,5280.023438,20.86807823,1.195474949,16.66321182,657.5999756,656.4000244
"Campbell Union Elementary","KK-08",7661,386.4200134,1158,657,0.151155204,5433.339844,19.82557678,1.370767437,21.95535851,657.2999878,656.7000122
"Browns Elementary","KK-08",158,8,34,657.1500244,0.215189874,4529.283691,19.75,1.066288652,8.860759735,661,653.2999878
"Clear Creek Elementary","KK-08",117,6,42,657.4000244,0.358974367,6039.98584,19.5,1.213677126,0.854700923,664.9000244,649.9000244
"Trinidad Union Elementary","KK-08",160,8.699999809,37,657.5,0.231250003,6168.229492,18.39080429,1.148417558,0,672.7999878,642.2000122
"Guerneville Elementary","KK-08",511,27.20000076,30,657.5500488,0.058708414,5774.970215,18.78676414,1.128302326,3.913894176,664.2000122,650.9000244
"San Bruno Park Elementary","KK-08",2770,140.1100006,296,657.6500244,0.106859207,4806.761719,19.77017975,1.263351953,11.94945908,659.7000122,655.5999756
"Antelope Elementary","KK-08",551,28.5,46,657.75,0.083484575,4840.936035,19.33333397,1.057894206,3.992740393,660.2000122,655.2999878
"Centralia Elementary","KK-06",5205,242.5,474,657.7999878,0.091066286,4954.466309,21.46391678,1.19727827,22.93948174,655.0999756,660.5
"Etiwanda Elementary","KK-08",6437,278.8399963,622,657.9000244,0.096628867,4023.531738,23.08492279,1.198079484,2.485630035,658.5,657.2999878
"Wiseburn Elementary","KK-08",1712,81.27999878,122,658,0.071261682,5179.411133,21.0629921,1.148047102,9.871495247,657,659
"Scotia Union Elementary","KK-08",370,19.79999924,56,658.3499756,0.151351348,4385.229492,18.68686867,1.08543329,0.540540576,664,652.7000122
"Mountain View Elementary","KK-08",3182,153.1999969,328,658.5999756,0.103079826,4777.512695,20.77023506,1.110589697,8.95663166,654.7000122,662.5
"Pleasant Valley Joint Union Elementary","KK-06",139,7.199999809,32,658.7999878,0.230215833,4862.790527,19.30555534,1.040246204,6.47481966,661.2999878,656.2999878
"Oak Grove Elementary","KK-08",11855,588.8400269,1507,659.0500488,0.127119362,5486.029785,20.13280296,1.241426927,20.72543144,654.9000244,663.2000122
"Pollock Pines Elementary","KK-08",1068,51.66999817,129,659.1500244,0.120786518,5486.382324,20.66963577,1.169086364,0.187265918,662.0999756,656.2000122
"Castaic Union Elementary","KK-08",2295,103,224,659.3499756,0.097603485,4631.243652,22.28155327,1.164442076,13.98692894,658.2999878,660.4000244
"Bishop Union Elementary","KK-08",1510,73.30000305,141,659.4000244,0.093377486,5189.62793,20.60027122,1.131051631,8.741721153,662.7999878,656
"Buellton Union Elementary","KK-08",579,27.79999924,60,659.4000244,0.103626944,4600.606445,20.82733917,1.221909563,20.03454208,660,658.7999878
"Chawanakee Jt. Elementary","KK-08",1012,52.63999939,140,659.7999878,0.138339922,6735.775391,19.22492409,1.131048967,1.383399248,660.7999878,658.7999878
"Yreka Union Elementary","KK-08",1212,68.65000153,107,659.9000244,0.088283829,5475.172852,17.6547699,1.097534935,2.062706232,660.4000244,659.4000244
"Alexander Valley Union Elementary","KK-06",119,7,23,660.0500488,0.193277314,5990.794434,17,1.263067687,28.57143021,661.7000122,658.4000244
"Twin Ridges Elementary","KK-08",590,35.76250076,78,660.0999756,0.132203385,7203.246582,16.49772835,1.059411922,0.169491529,673.0999756,647.0999756
"Sundale Union Elementary","KK-08",546,27.60000038,60,660.1999512,0.109890111,4777.769043,19.78260803,1.004235348,13.73626423,659.7999878,660.5999756
"Three Rivers Union Elementary","KK-08",248,11.11999989,51,660.2999878,0.205645159,4302.834961,22.30215836,1.186532558,0,667.7999878,652.7999878
"Columbia Union Elementary","KK-08",461,26,150,660.75,0.32537961,5630.194824,17.73077011,1.0133148,0.21691975,666.9000244,654.5999756
"Westside Union Elementary","KK-08",6312,308.6799927,496,660.9499512,0.078580484,4708.625,20.44836044,1.230107116,3.121039391,662.0999756,659.7999878
"Ballico-Cressey Elementary","KK-08",285,13.98999977,62,661.3499756,0.217543855,5629.961426,20.37169456,0.982813783,47.36842346,661.0999756,661.5999756
"Millbrae Elementary","KK-08",2325,115.3000031,302,661.4500122,0.129892468,4890.986816,20.16478729,1.324498527,22.70967865,662,660.9000244
"Evergreen Elementary","KK-08",11885,549.8400269,1790,661.5999756,0.150610015,4929.393066,21.61537743,1.216780934,29.12074089,659.0999756,664.0999756
"Harmony Union Elementary","KK-08",564,27.43000031,46,661.5999756,0.081560284,4905.221191,20.56142807,1.264085502,4.43262434,672.4000244,650.7999878
"Panama Buena Vista Union Elementary","KK-08",12380,620.3800049,1671,661.8499756,0.134975761,5156.856934,19.95551109,1.221521477,4.814216614,660.0999756,663.5999756
"Laguna Salada Union Elementary","KK-08",3772,178.0599976,529,661.8499756,0.140243903,4941.787598,21.18387032,1.268208615,5.249204636,665.4000244,658.2999878
"Sonora Elementary","KK-08",895,47.58000183,70,661.8499756,0.078212291,5408.781738,18.8104229,1.15167624,1.899441361,662.7000122,661
"Roseville City Elementary","KK-08",5714,277.6700134,489,661.9000244,0.085579276,4981.387695,20.57838249,1.255984992,8.66293335,664.2999878,659.5
"Gratton Elementary","KK-08",105,5.730000019,16,661.9000244,0.152380958,4877.086426,18.32460785,1.133091624,10.47619057,662.5,661.2999878
"Susanville Elementary","KK-08",1449,76.98999786,125,661.9500122,0.086266391,5111.739258,18.82062721,1.101747086,1.242236018,660.4000244,663.5
"Bella Vista Elementary","KK-08",510,24.5,95,662.4000244,0.186274514,5201.515625,20.81632614,1.045440328,0,663.0999756,661.7000122
"Columbine Elementary","KK-08",160,8,39,662.4000244,0.243750006,4138.305664,20,0.875061263,9.375,651.4000244,673.4000244
"Hughes-Elizabeth Lakes Union Elementary","KK-08",433,22,50,662.4500122,0.115473442,5743.597168,19.68181801,1.190499767,1.385681391,665.4000244,659.5
"Mountain View Elementary","KK-08",3186,164.3099976,411,662.5,0.129001886,5702.705078,19.39017677,1.358722722,35.34212112,663.5,661.5
"Sulphur Springs Union Elementary","KK-06",5010,239.3999939,576,662.5500488,0.114970058,4802.152832,20.92731857,1.297172138,9.64071846,661.7000122,663.4000244
"Forestville Union Elementary","KK-08",717,35.95000076,100,662.5500488,0.139470011,5442.143066,19.94436646,1.213438066,2.231520176,669.4000244,655.7000122
"Rosedale Union Elementary","KK-08",3548,170.6499939,335,662.6500244,0.09441939,4522.375488,20.79109383,1.212001038,0.36640361,658.2999878,667
"Columbia Elementary","KK-08",868,45.20000076,78,662.7000122,0.089861751,4965.808105,19.20353889,1.122150324,0.57603687,662.4000244,663
"Colfax Elementary","KK-08",507,26.64999962,60,662.75,0.118343197,5358.326172,19.02439117,1.146438142,0,667.0999756,658.4000244
"Mt. Shasta Union Elementary","KK-08",822,46.65000153,105,662.9000244,0.127737224,5784.625,17.62057877,1.151155258,0.851581514,668.2999878,657.5
"Piner-Olivet Union Elementary","KK-06",1792,88.55000305,143,663.3499756,0.079799108,5072.70459,20.23715401,1.197859229,5.524553776,667.4000244,659.2999878
"Bass Lake Joint Elementary","KK-08",1202,62.29999924,190,663.4499512,0.158069879,5556.041016,19.29373932,1.160868505,0,664.2999878,662.5999756
"Cutten Elementary","KK-06",515,27.35000038,58,663.5,0.11262136,5190.310059,18.82998085,1.152563503,0,660.2000122,666.7999878
"Placerville Union Elementary","KK-08",1354,66.56999969,263,663.8499756,0.194239289,5211.485352,20.3394928,1.180899682,2.437223196,666.4000244,661.2999878
"Wright Elementary","KK-06",1252,65.11000061,113,663.8499756,0.090255588,5284.164063,19.22899628,1.099827353,20.76677322,659.4000244,668.2999878
"Evergreen Union Elementary","KK-08",823,46,127,663.9000244,0.15431349,5331.920898,17.89130402,1.023293608,2.187120438,657.7000122,670.0999756
"Old Adobe Union Elementary","KK-06",2231,114.3000031,258,664,0.115643211,5599.60791,19.51881027,1.229323392,13.62617588,666.2000122,661.7999878
"Wilmar Union Elementary","KK-06",271,14.19999981,81,664,0.298892975,4881.899414,19.08450699,1.248194029,13.28413296,668.7000122,659.2999878
"Ackerman Elementary","KK-08",309,15.5,85,664.1500244,0.275080919,4700.432129,19.93548393,1.211440918,1.941747546,671.2999878,657
"Santa Cruz City Elementary","KK-06",3005,159.2200012,308,664.1500244,0.102495842,5650,18.87325668,1.252872457,23.0615654,666.7000122,661.5999756
"Arcata Elementary","KK-08",966,47.95999908,114,664.2999878,0.118012421,5318.240723,20.14178467,1.073131552,0.621118009,674,654.5999756
"Alta Loma Elementary","KK-08",7710,327.2999878,814,664.4000244,0.105577171,4709.054199,23.55637169,1.269984323,3.255512238,663.4000244,665.4000244
"Foresthill Union Elementary","KK-08",762,35.5,54,664.4499512,0.070866145,5143.19043,21.46478844,1.094506058,0,663.0999756,665.7999878
"Mother Lode Union Elementary","KK-08",1708,89,206,664.7000122,0.120608896,5133.009766,19.19101143,1.180899682,2.224824429,665.5,663.9000244
"Ocean View Elementary","KK-08",9850,489.2999878,1113,664.75,0.112994924,5081.455566,20.13080025,1.319642079,18.55837631,663.7000122,665.7999878
"Lake Elementary","KK-08",129,5,10,664.9499512,0.07751938,4016.41626,25.79999924,1.026900806,6.201550484,667.5999756,662.2999878
"San Mateo-Foster City Elementary","KK-08",10619,565.5100098,1150,664.9500122,0.108296447,5374.050293,18.77774048,1.398454243,18.45748138,665.9000244,664
"Goleta Union Elementary","KK-06",4521,236.5800018,494,665.0999756,0.109267861,5427.548828,19.1098156,1.22421703,32.07255173,666.7999878,663.4000244
"Helendale Elementary","KK-08",580,29.44000053,114,665.2000122,0.196551725,5179.644531,19.70108604,1.184606265,3.965517044,656.2000122,674.2000122
"Petaluma City Elementary","KK-06",2569,138,326,665.3499756,0.126897618,5400,18.615942,1.239785962,15.33670712,669.7999878,660.9000244
"Sunnyvale Elementary","KK-08",6022,286.7999878,756,665.6500244,0.12553969,5726.146484,20.99721146,1.344313674,27.66522789,663.9000244,667.4000244
"College Elementary","KK-08",670,33.5,47,665.9000244,0.07014925,5003.870117,20,1.358734109,12.53731441,670.2999878,661.5
"La Mesa-Spring Valley","KK-08",14708,700.9400024,1962,665.9500122,0.133396789,4969.51123,20.98325157,1.262922523,12.68017483,664.5,667.4000244
"Huntington Beach City Elementary","KK-08",6601,305,706,666,0.106953494,4747.295898,21.6426239,1.398460862,6.908044338,668,664
"Solvang Elementary","KK-08",675,33.70000076,87,666.0500488,0.12888889,4543.305176,20.02967262,1.341573016,14.96296215,668.7000122,663.4000244
"Soquel Elementary","KK-08",2458,124.0699997,193,666.0999756,0.078519121,5229.591309,19.81139755,1.274084684,11.26932526,666.9000244,665.2999878
"Capay Joint Union Elementary","KK-08",144,8,14,666.1500244,0.097222224,4507.353027,18,1.026900806,9.722222328,671.9000244,660.4000244
"Gravenstein Union Elementary","KK-08",573,29.60000038,48,666.1500244,0.083769634,5302.62793,19.35810852,1.243236524,3.315881252,671,661.2999878
"Pleasant Valley Elementary","KK-08",721,35.72999954,82,666.4499512,0.11373093,5545.610352,20.17912102,1.269349479,0.693481266,668.7999878,664.0999756
"Pioneer Union Elementary","KK-08",992,46.97000122,160,666.5500488,0.161290318,4615.908691,21.11986351,1.045948545,5.141129017,671.2000122,661.9000244
"Santee Elementary","KK-08",8432,360.5,0,666.5999756,0,5397.689453,23.38973618,1.14914724,4.969165325,663.7000122,669.5
"Johnstonville Elementary","KK-08",244,11,15,666.6500244,0.061475411,5118.373047,22.18181801,1.101747086,6.967213154,672.0999756,661.2000122
"Pleasant Valley Elementary","KK-08",7116,356.8200073,785,666.6500244,0.110314786,5008.070801,19.94282722,1.320902589,7.99606514,667.5,665.7999878
"Curtis Creek Elementary","KK-08",830,46.65999985,95,666.6999512,0.114457831,4906.030273,17.78825569,1.15167624,0.481927723,662.0999756,671.2999878
"Fort Jones Union Elementary","KK-06",160,10.88000011,38,666.8499756,0.237499997,6870.346191,14.70588207,1.072837883,2.5,666.9000244,666.7999878
"Mark West Union Elementary","KK-06",1588,83.40000153,220,666.8499756,0.138539046,5301.716309,19.04076767,1.271167568,3.841310024,671.2999878,662.4000244
"Alpine Union Elementary","KK-08",2272,108.75,307,667.1500244,0.135123238,5182.365723,20.89195442,1.238848699,1.32042253,667.7000122,666.5999756
"Sebastopol Union Elementary","KK-08",1425,71.83000183,65,667.1999512,0.045614034,4999.46875,19.8385067,1.243236524,4.91228056,669.7999878,664.5999756
"Freshwater Elementary","KK-06",245,12.55000019,30,667.4500122,0.122448981,6732.066406,19.52191162,1.192344382,0,672.2000122,662.7000122
"Norris Elementary","KK-08",1349,65.21250153,259,667.4500122,0.191994071,4612.989746,20.68621826,1.192211907,0.222386956,667,667.9000244
"Springville Union Elementary","KK-08",400,22,65,667.5999756,0.162499994,5478.845703,18.18181801,1.197335699,0,669.2000122,666
"Moreland Elementary","KK-08",4632,245.1799927,637,668,0.137521595,5666.713867,18.89224243,1.311117828,17.85405922,669.4000244,666.5999756
"Maple Elementary","KK-08",224,9,15,668.0999756,0.066964284,4742.51416,24.88888931,0.987174485,4.464285851,660.5,675.7000122
"Kings River-Hardwick Union Elementary","KK-08",576,31,92,668.4000244,0.159722224,4907.392578,18.58064461,1.045948545,9.548611641,665.7999878,671
"Julian Union Elementary","KK-08",451,25,75,668.5999756,0.166297123,5700.402344,18.04000092,1.212746742,3.991130829,672.7000122,664.5
"Cardiff Elementary","KK-06",900,50.75,145,668.6500244,0.161111116,5191.834473,17.73398972,1.341770731,20.66666603,668.7999878,668.5
"Saucelito Elementary","KK-08",118,5.5,10,668.7999878,0.084745765,4451.256836,21.45454597,0.951045949,7.627118587,668.5,669.0999756
"Bonsall Union Elementary","KK-08",1457,73.12999725,0,668.9000244,0,5627.527832,19.92342567,1.300964841,27.45367241,666.2000122,671.5999756
"Cypress Elementary","KK-06",4734,232.75,586,668.9500122,0.123785384,4922.939941,20.33942032,1.274786439,10.85762596,665.5,672.4000244
"Lowell Joint Elementary","KK-08",3303,146.5,379,669.0999756,0.114744172,4969.380859,22.54607582,1.258126212,5.025733948,666.0999756,672.0999756
"Newhall Elementary","KK-06",6055,286.9200134,540,669.3000488,0.089182496,4829.717285,21.10344315,1.374150102,14.23616886,668.9000244,669.7000122
"Lagunitas Elementary","KK-08",424,23.29999924,39,669.3000488,0.091981135,6716.692871,18.19742584,1.345157999,0.235849053,680.9000244,657.7000122
"Cambrian Elementary","KK-08",2801,139.3000031,615,669.3499756,0.219564438,5205.941895,20.10768127,1.312727274,2.070688963,673.2999878,665.4000244
"Richfield Elementary","KK-08",187,9.760000229,37,669.3499756,0.197860956,4357.826172,19.15983582,0.97703732,8.556149483,664.5999756,674.0999756
"Fieldbrook Elementary","KK-08",129,6.599999905,17,669.7999878,0.131782949,5195.918945,19.54545403,1.073131552,0,670.0999756,669.5
"Dehesa Elementary","KK-06",188,9,41,669.8499756,0.21808511,6002.071777,20.88888931,1.274134743,4.787234306,673.2000122,666.5
"Cottonwood Union Elementary","KK-08",1212,65.90000153,116,669.9500122,0.09570957,5090.587891,18.39150238,1.023293608,3.960396051,669.2000122,670.7000122
"Fruitvale Elementary","KK-08",2596,135.3500061,249,670,0.095916793,5112.390137,19.17990303,1.190863735,1.579352856,669.2000122,670.7999878
"Union Elementary","KK-08",4925,253.8959961,753,670.6999512,0.152893394,5287.35498,19.39770699,1.335091198,3.593908548,672.7999878,668.5999756
"Fountain Valley Elementary","KK-08",6257,288.6300049,930,671.25,0.148633525,4889.47998,21.67827225,1.324194987,8.726226807,671.2000122,671.2999878
"Gold Oak Union Elementary","KK-08",868,45,122,671.2999878,0.140552998,5118.130371,19.28888893,1.180899682,0,674.5999756,668
"Buckeye Union Elementary","KK-08",3787,186.1000061,934,671.5999756,0.246633217,5119.123047,20.34927368,1.281419753,0.264061272,674.9000244,668.2999878
"Rocklin Unified","KK-08",6423,306.3800049,855,671.5999756,0.133115366,4792.211426,20.96416092,1.246005925,1.447921515,671.4000244,671.7999878
"Gold Trail Union Elementary","KK-08",678,34.84000015,47,671.6500244,0.069321536,5450.103516,19.46039009,1.180899682,0.147492617,677.5999756,665.7000122
"Hydesville Elementary","KK-08",162,8.399999619,23,671.6999512,0.141975313,5210.724609,19.2857151,1.027064048,0,679.7999878,663.5999756
"Saugus Union Elementary","KK-06",8529,407.7000122,834,671.75,0.097784027,4715.445801,20.91979408,1.316788977,3.705006361,668.9000244,674.5999756
"Loomis Union Elementary","KK-08",1862,89.08999634,231,671.9000244,0.124060154,4632.068359,20.90021324,1.333769601,0.268528461,673.0999756,670.7000122
"Placer Hills Union Elementary","KK-08",1452,70.5,183,671.9000244,0.126033053,5028.561523,20.59574509,1.246892324,0,679.5999756,664.2000122
"Dunham Elementary","KK-06",155,8,32,671.9499512,0.20645161,5695.466797,19.375,1.248194029,4.516129017,672.2999878,671.5999756
"San Carlos Elementary","KK-08",2536,127.1100006,343,672.0499878,0.135252371,4504.294922,19.95122337,1.444294677,2.444794893,676.0999756,668
"Ready Springs Union Elementary","KK-08",567,30.07999992,103,672.0500488,0.181657851,5156.437012,18.84973335,1.269349479,0,673.9000244,670.2000122
"Coarsegold Union Elementary","KK-08",953,52.59999847,135,672.2999878,0.141657919,5433.51416,18.11787033,1.154210868,0,668.0999756,676.5
"Cayucos Elementary","KK-08",296,15.43000031,42,672.3499756,0.141891897,5254.631836,19.18340874,1.357134082,5.405405521,674.5999756,670.0999756
"Richmond Elementary","KK-08",198,9,24,672.4500122,0.121212125,4593.196777,22,1.101747086,0,672.7000122,672.2000122
"Clay Joint Elementary","KK-08",218,10.10000038,49,672.5500488,0.224770635,4320.678711,21.58415794,1.050689025,6.422018051,669.4000244,675.7000122
"Waugh Elementary","KK-06",734,36,117,672.6999512,0.159400538,4920.777344,20.38888931,1.229323392,6.539509296,676.0999756,669.2999878
"Two Rock Union Elementary","KK-06",189,11.60000038,50,673.0499878,0.264550269,6905.869141,16.29310226,1.248194029,14.2857151,679.0999756,667
"Belmont-Redwood Shores Elementary","KK-08",2528,138.3099976,482,673.25,0.19066456,5729.904297,18.27778244,1.408613022,3.678797483,675,671.5
"Rescue Union Elementary","KK-08",2987,154.1699982,290,673.2999878,0.097087376,4825.202148,19.37471581,1.272445015,0.502176106,676.0999756,670.5
"Alta-Dutch Flat Union Elementary","KK-08",208,11,21,673.5499878,0.100961536,5388.17041,18.90909004,1.128496193,0,680.5,666.5999756
"San Pasqual Union Elementary","KK-08",379,23.10000038,29,673.5499878,0.07651715,5133.827148,16.4069252,1.18127178,22.69129372,670.5,676.5999756
"Latrobe Elementary","KK-08",145,9.300000191,27,673.9000244,0.186206892,5346.15625,15.59139729,1.281419753,0,670.5,677.2999878
"Union Hill Elementary","KK-08",706,37.74000168,103,674.25,0.145892352,4789.309082,18.7069416,1.137100801,0.141643062,676,672.5
"Twin Hills Union Elementary","KK-08",878,47.90000153,105,675.4000244,0.119589977,5329.782227,18.32985306,1.243236524,2.733485222,681,669.7999878
"Pacific Union Elementary","KK-08",594,33.18000031,75,675.7000122,0.12626262,5371.172852,17.90235138,1.073131552,1.68350172,683,668.4000244
"Douglas City Elementary","KK-08",139,7.349999905,40,676.1500244,0.287769794,5771.383789,18.91156578,1.122969087,0,680.0999756,672.2000122
"Pleasant Ridge Union Elementary","KK-08",2089,102.7799988,318,676.5499878,0.152225941,4993.634766,20.32496643,1.213677126,0.143609375,673.7999878,679.2999878
"Newcastle Elementary","KK-08",326,16.28000069,42,676.5999756,0.128834352,4854.038086,20.02456856,1.270119586,0,673.2999878,679.9000244
"Mesa Union Elementary","KK-08",516,21.5,50,676.8499756,0.096899226,4392.679688,24,1.375352636,11.04651165,680.5,673.2000122
"Weaverville Elementary","KK-08",449,25.5,50,676.9499512,0.111358576,5884.432129,17.6078434,1.111732857,0,672.7999878,681.0999756
"North Cow Creek Elementary","KK-08",297,15.35000038,70,677.25,0.235690236,4273.993164,19.34853363,1.143202229,0,679,675.5
"Nevada City Elementary","KK-08",1579,80.23999786,165,677.9500122,0.104496516,5146.78418,19.67846489,1.188309643,0.063331224,678.5,677.4000244
"Jacoby Creek Elementary","KK-08",383,20.45000076,49,678.0500488,0.127937332,5351.522949,18.72860527,1.18698456,0,682.9000244,673.2000122
"Fort Ross Elementary","KK-08",81,5.099999905,14,678.4000244,0.172839507,7667.571777,15.88235283,1.352741902,0,685.2999878,671.5
"Encinitas Union Elementary","KK-06",5259,262.230011,701,678.7999878,0.133295298,5281.708984,20.05491257,1.376688234,15.05989742,679,678.5999756
"Dixie Elementary","KK-08",1960,108.9599991,223,679.4000244,0.113775507,5368.50293,17.98825264,1.390988078,1.479591846,684.0999756,674.7000122
"Lakeside Joint Elementary","KK-06",151,8.899999619,31,679.5,0.205298007,6429.257324,16.96629333,1.558396532,2.649006605,676.7999878,682.2000122
"Hermosa Beach City Elementary","KK-08",946,49.16999817,310,679.6500244,0.327695549,5387.458984,19.23937416,1.524461058,1.47991538,683.0999756,676.2000122
"Rincon Valley Union Elementary","KK-06",2707,141.0200043,300,679.75,0.110823788,5235.774902,19.195858,1.311334675,4.469892979,678.7000122,680.7999878
"Washington Union Elementary","KK-08",919,46.88999939,141,679.8000488,0.153427646,4829.896484,19.59906197,1.303930081,0.326441795,680.2000122,679.4000244
"Bennett Valley Union Elementary","KK-06",945,46,216,680.0500488,0.22857143,5088.708008,20.54347801,1.286602417,2.539682627,685.7000122,674.4000244
"Loma Prieta Joint Union Elemen","KK-08",738,39.70199966,220,680.4500122,0.298102975,5390.118164,18.58848381,1.558396532,0.54200542,684.2000122,676.7000122
"Kenwood Elementary","KK-06",164,10.51000023,35,681.2999878,0.213414639,6588.430664,15.60418606,1.359139573,11.58536625,682.7999878,679.7999878
"Liberty Elementary","KK-06",167,10.92000008,29,681.2999878,0.173652694,6196.694824,15.29304028,1.248194029,11.37724495,680.7999878,681.7999878
"Knights Ferry Elementary","KK-08",125,7.079999924,25,681.5999756,0.200000003,4645.413086,17.6553669,1.151584341,0,688.5,674.7000122
"Kentfield Elementary","KK-08",1091,62.06000137,113,681.9000244,0.103574701,6489.928711,17.57976151,1.613767832,1.37488544,689.7999878,674
"Ballard Elementary","KK-06",134,6,27,682.1500244,0.201492533,5094.958984,22.33333397,1.341573016,2.238806009,681.7999878,682.5
"Oak Grove Union Elementary","KK-08",600,32,55,682.4500122,0.091666669,4841.958496,18.75,1.205853673,5.333333492,680,684.9000244
"Ross Valley Elementary","KK-08",1803,99.59999847,283,682.5499878,0.156960621,6315.3125,18.10240936,1.410557914,2.773155928,685.5999756,679.5
"Mountain Elementary","KK-06",158,7.800000191,15,682.6500244,0.094936706,5399.383301,20.2564106,1.311202719,0,687.2999878,678
"Burlingame Elementary","KK-08",2392,127.2200012,439,683.3499756,0.183528423,5429.473633,18.80207443,1.554004338,17.72575188,682.4000244,684.2999878
"Grant Elementary","KK-08",526,28.02000046,33,683.4000244,0.062737644,5644.286133,18.77230453,1.132483837,0,684.5,682.2999878
"Happy Valley Elementary","KK-06",141,6.909999847,44,684.3000488,0.31205675,6060.256836,20.40521049,1.302958334,0,680.4000244,688.2000122
"Bonny Doon Union Elementary","KK-06",235,12.60000038,30,684.3499756,0.127659574,5319.553711,18.65079308,1.262047482,0.425531894,688.5,680.2000122
"Walnut Creek Elementary","KK-08",3280,158.3999939,406,684.8000488,0.123780489,4819.903809,20.7070713,1.402084457,6.067073345,682.2000122,687.4000244
"Hope Elementary","KK-06",1254,57,0,684.9500122,0,5208.226074,22,1.399033049,10.12759113,686.2000122,683.7000122
"Larkspur Elementary","KK-08",948,53.56000137,155,686.0500488,0.163502112,5859.964844,17.6997757,1.486125728,3.375527382,692.2000122,679.9000244
"Cupertino Union Elementary","KK-08",15228,708.8300171,2232,686.6999512,0.146572098,4962.736816,21.48328972,1.438941114,8.648542404,683.0999756,690.2999878
"Pacific Elementary","KK-06",81,4.849999905,21,687.5499878,0.259259254,7614.379395,16.70103073,1.489114372,12.34567928,693.7999878,681.2999878
"Los Gatos Union Elementary","KK-08",2768,141.3999939,540,689.0999756,0.195086703,5566.467773,19.57567215,1.533511507,1.589595318,691.5999756,686.5999756
"Montecito Union Elementary","KK-06",535,31,84,691.0499878,0.157009348,7039.949219,17.25806427,1.635785231,1.495327115,693.5,688.5999756
"Solana Beach Elementary","KK-06",2542,146.3000031,404,691.3499756,0.158929974,6604.063965,17.37525558,1.446346851,10.38552284,687.7000122,695
"Menlo Park City Elementary","KK-08",1940,111.8199997,265,691.9000244,0.136597931,6180.148926,17.34931183,1.698439834,6.134020329,693.7000122,690.0999756
"Reed Union Elementary","KK-08",1059,65.12000275,272,693.9500122,0.25684607,6460.657227,16.26228523,1.742944965,2.266288996,695.9000244,692
"Mill Valley Elementary","KK-08",2340,132.1999969,403,694.25,0.172222227,6415.35498,17.70045471,1.549995839,2.47863245,693.5999756,694.9000244
"Lafayette Elementary","KK-08",3469,172.3399963,496,694.8000488,0.14298068,5230.876953,20.1288147,1.535306765,0.893629253,697.9000244,691.7000122
"Del Mar Union Elementary","KK-06",2106,115.3000031,300,695.1999512,0.142450139,5838.171875,18.26539421,1.586908637,2.421652317,695.0999756,695.2999878
"Woodside Elementary","KK-08",478,32.86999893,112,695.2999878,0.234309629,7711.506836,14.54213619,1.548291111,3.765690327,701.2999878,689.2999878
"Moraga Elementary","KK-08",1885,98.41999817,241,696.5500488,0.127851456,5592.765137,19.15261078,1.492089578,1.962864757,697.4000244,695.7000122
"Orinda Union Elementary","KK-08",2422,139.4700012,466,698.1999512,0.192402974,5933.154297,17.36574173,1.604916917,0.578034639,699.0999756,697.2999878
"Hillsborough City Elementary","KK-08",1318,87.05999756,412,698.25,0.312594831,7593.405762,15.13898468,1.554004338,2.807283878,695.4000244,701.0999756
"Cold Spring Elementary","KK-06",220,12.32999992,22,698.4499512,0.100000001,6500.449707,17.8426609,1.635785231,1.363636374,693.2999878,703.5999756
"Portola Valley Elementary","KK-08",687,44.59000015,209,699.0999756,0.304221243,7217.263184,15.40704155,1.704810881,1.164483309,698.2999878,699.9000244
"Saratoga Union Elementary","KK-08",2341,124.0899963,286,700.3000488,0.122170016,5392.638672,18.86533928,1.606402869,2.050405741,698.9000244,701.7000122
"Las Lomitas Elementary","KK-08",984,59.72999954,195,704.3000488,0.198170736,7290.338867,16.47413445,1.458139054,5.995934963,700.9000244,707.7000122
"Los Altos Elementary","KK-08",3724,208.4799957,721,706.75,0.193609029,5741.462891,17.86262512,1.620491135,4.726100922,704,709.5
"Somis Union Elementary","KK-08",441,20.14999962,45,645,0.10204082,4402.831543,21.88585663,1.375352636,24.26303864,648.2999878,641.7000122
"Plumas Elementary","KK-08",101,5,14,672.2000122,0.138613865,4776.336426,20.20000076,0.997910353,2.970297098,667.9000244,676.5
"Wheatland Elementary","KK-08",1778,93.40000153,313,655.75,0.1760405,5993.392578,19.03640175,1.09697949,5.005624294,660.5,651
